problem_id,is_valid,predicted_solution,markov_entropy,pattern_score
006,0,"[0, 2]",1.584962500721156,0.20751874963942196
003,False,[],1.0,0.36907024642854247
005,1,"[2, 3]",0.0,1.0
004,0,"[1, 2]",0.0,1.0
007,False,[],0.0,1.0
008,0,"[1, 2]",0.0,1.0
000,0,[3],0.0,1.0
009,0,"[2, 3]",0.0,1.0
001,False,[],1.0,0.36907024642854247
002,0,[2],0.0,1.0
