problem_id,is_valid,predicted_solution,markov_entropy,pattern_score
006,0,"[0, 1]",1.0,0.36907024642854247
003,0,"[3, 2]",0.0,1.0
005,0,[0],0.0,1.0
004,False,[],0.0,1.0
007,1,"[3, 2]",0.0,1.0
008,0,[3],0.0,1.0
000,0,"[3, 2]",1.584962500721156,0.20751874963942196
009,0,[0],1.0,0.36907024642854247
001,0,"[2, 3]",1.584962500721156,0.20751874963942196
002,False,[],0.0,1.0
