problem_id,is_valid,predicted_solution,markov_entropy,pattern_score
0002,0,"[0, 2, 0, 3]",0.9182958340544896,0.5408520829727552
0003,0,"[0, 2, 0, 2, 2, 0, 0, 2, 3]",0.9182958340544896,0.5408520829727552
0004,0,"[0, 2, 2, 2, 3]",1.584962500721156,0.20751874963942196
0001,0,"[0, 2, 2, 3]",1.584962500721156,0.20751874963942196
0000,0,"[0, 2, 0, 3]",1.584962500721156,0.20751874963942196
