puzzle_id,n,t,d,markov_entropy,pattern_score,score_bin,class
852,5,5,11,1.0,0.3690702464285424,5,"(0.35, 0.4]"
183,8,4,11,0.9182958340544896,0.5408520829727552,9,"(0.5, 0.55]"
806,4,5,13,1.584962500721156,0.2075187496394219,2,"(0.2, 0.25]"
