puzzle_id,n,t,d,markov_entropy,pattern_score,score_bin,class
23,6,3,9,0.5032583347756457,0.848504145664625,16,"(0.8, 0.85]"
81,5,5,13,1.8810947601100747,0.5059313358961878,9,"(0.5, 0.55]"
345,9,6,17,2.5580510765444573,0.3865474617266097,7,"(0.35, 0.4]"
