puzzle_id,n,t,d,markov_entropy,pattern_score,score_bin,class
174,6,3,6,1.2516291673878228,0.5541606949824278,10,"(0.55, 0.6]"
364,4,3,7,1.1488348542809166,0.6170550485730277,11,"(0.6, 0.65]"
326,3,6,13,3.7004397181410926,0.0280812285970785,,"(0.0, 0.05]"
