puzzle_id,n,t,d,markov_entropy,pattern_score,score_bin,class
206,7,7,17,0.6500224216483541,0.768457341627495,14,"(0.75, 0.8]"
255,4,4,13,2.2516291673878226,0.1979535078744057,2,"(0.15, 0.2]"
257,6,3,9,0.7219280948873623,0.7207200898713393,13,"(0.7, 0.75]"
