puzzle_id,n,t,d,markov_entropy,pattern_score,score_bin,class
610,3,7,20,4.221928094887362,0.0387925806563413,0,"(0.0, 0.05]"
927,4,5,10,3.321928094887362,0.0397474322108725,0,"(0.0, 0.05]"
343,9,5,13,1.5465935642949382,0.5937879194464186,11,"(0.55, 0.6]"
168,7,1,1,0.0,1.0,18,"(0.95, 1.0]"
252,10,7,15,2.1492553971685,0.462686150707875,8,"(0.45, 0.5]"
